"time","gateway","frequency","sf","snr","rssi","airtime","raw_payload","type","dev_addr","port","fcnt","adr","join_eui","dev_eui","dev_nonce"
"2022-01-06T12:09:19.170210Z","technolution-gouda",867300000,12,-15.2,-121,1.6465919999999998,"QLFc5RSAvQQFajIFw9t9OG74hvuM0uFbCSM=","UNCONFIRMED_UP","14E55CB1",5,1213,true,"","",""
"2022-01-06T12:09:20.867139Z","technolution-gouda",868100000,12,-1.8,-120,2.465792,"QCjJMRWALykCVceAn0CH/zVrxshV1EoQ5PAlJC2EPfPSVg3ZoWQt9HjLf27EPbnKwGI=","UNCONFIRMED_UP","1531C928",2,10543,true,"","",""
"2022-01-06T12:09:27.762933Z","technolution-gouda",868100000,10,-10.2,-121,0.41164799999999996,"AEIA/89d1bNwNxMIwF3Vs3C+p+66t70=","JOIN_REQUEST","",0,0,false,"70B3D55DCFFF0042","70B3D55DC0081337","A7BE"
"2022-01-06T12:09:28.762002Z","technolution-gouda",867300000,12,-2.5,-117,2.465792,"QDDaAAHcWQJWACFKADvjIhHYcaIL3mdbl6XmATbr4KVxpuXuyX3YKq+Fus/1p8YGkPtq6w==","UNCONFIRMED_UP","0100DA30",11,601,true,"","",""
"2022-01-06T12:09:32.321730Z","technolution-gouda",868100000,11,-16.8,-121,1.069056,"QMBLCyaCsh4DBgjFROlJ5DunzwzqZzyBmllkFAGhVDc5MQ==","UNCONFIRMED_UP","260B4BC0",8,7858,true,"","",""
"2022-01-06T12:09:43.973363Z","technolution-gouda",868100000,11,-9.0,-120,0.8232959999999999,"AEIA/89d1bNwNxMIwF3Vs3COseEadKU=","JOIN_REQUEST","",0,0,false,"70B3D55DCFFF0042","70B3D55DC0081337","B18E"
"2022-01-06T12:09:44.188368Z","technolution-gouda",867300000,12,-8.8,-121,2.465792,"QEI6fBSAiCICi+Cv1DscvYXNO1zUquy8iSlNwMeHvjIKVMPMIzOKahS3jzE9wr9XA7A=","UNCONFIRMED_UP","147C3A42",2,8840,true,"","",""
"2022-01-06T12:09:51.426072Z","technolution-gouda",867100000,11,-11.8,-121,1.478656,"QLv1w8SAAAADvDwRFic1WH8qHHksaQqYqTRrtCII4jAyjlDEduQoMajN51a2yKeO0G7xkzoTM75S","UNCONFIRMED_UP","C4C3F5BB",3,0,true,"","",""
"2022-01-06T12:09:54.849988Z","technolution-gouda",867100000,7,-9.0,-121,0.061696,"QAS9yMSAH9IBCRx0iQVWon0N6zGxnyA=","UNCONFIRMED_UP","C4C8BD04",1,53791,true,"","",""
"2022-01-06T12:09:55.934Z","technolution-gouda",867900000,12,-2.8,-119,2.465792,"QAQIFhWAETACmJAZUsvGQWOULN/TdsTi8QPiAd101pCaxAgpJgdLSDD6UYcllr6a9iM=","UNCONFIRMED_UP","15160804",2,12305,true,"","",""
"2022-01-06T12:09:56.062173Z","technolution-gouda",867300000,12,-19.8,-119,1.6465919999999998,"QMhmkBSAQQUFdYDeKU81wOBzMFsA0x5opNs=","UNCONFIRMED_UP","149066C8",5,1345,true,"","",""
"2022-01-06T12:09:57.889897Z","technolution-gouda",867900000,12,3.5,-112,1.318912,"QPKCoxWA3QgByBRN9D/X","UNCONFIRMED_UP","15A382F2",1,2269,true,"","",""
"2022-01-06T12:09:59.166791Z","technolution-gouda",868300000,12,-12.8,-115,1.318912,"QE1TASaAZlMCP5j1ajeJcvcW","UNCONFIRMED_UP","2601534D",2,21350,true,"","",""
"2022-01-06T12:10:00.539804Z","technolution-gouda",867900000,12,-3.2,-119,2.465792,"QLEgiRWAWCUCBzVbW96HxLd9eza+CZBkhQGFRwMUxBMpjK8lTdBFBT3WDsjqk+Y4NQ==","UNCONFIRMED_UP","158920B1",2,9560,true,"","",""
"2022-01-06T12:10:03.347708Z","technolution-gouda",868500000,12,-5.2,-118,2.465792,"QAQIFhWAEjACOxFiwb/MpCpOwbsppar+MILHoht+9mtdHyR+yniSGIMZ7EAF7N8VlbvHqDU=","UNCONFIRMED_UP","15160804",2,12306,true,"","",""
"2022-01-06T12:10:04.706611Z","technolution-gouda",867100000,7,-6.8,-120,0.056575999999999994,"QNcmACaApa8Ch0DtcYjPK2Kx","UNCONFIRMED_UP","260026D7",2,44965,true,"","",""
"2022-01-06T12:10:08.048520Z","technolution-gouda",867100000,11,1.2,-120,0.9052159999999999,"QHR9CyaAKgAKUQGjQUHyc+FppOBcbzBejQ==","UNCONFIRMED_UP","260B7D74",10,42,true,"","",""
"2022-01-06T12:10:11.905568Z","technolution-gouda",867900000,12,-17.2,-121,1.318912,"QGEqACaAeLECkxI55XiRymnZ","UNCONFIRMED_UP","26002A61",2,45432,true,"","",""
"2022-01-06T12:10:14.129208Z","technolution-gouda",867900000,12,-15.8,-120,1.318912,"QOQgASaA4ecCgAiYlfNCUYWb","UNCONFIRMED_UP","260120E4",2,59361,true,"","",""
"2022-01-06T12:10:17.479125Z","technolution-gouda",867300000,12,-15.0,-119,2.629632,"QAkeRhSAxhECMR5LPVwRmO/2YESfGKLYeM2YlMPDL0KylLToVa3716Ldz97oflJTf0ptcH0L","UNCONFIRMED_UP","14461E09",2,4550,true,"","",""
"2022-01-06T12:10:24.535958Z","technolution-gouda",867300000,12,-17.2,-121,1.318912,"QLYtACaAxucCS6+pHmkT035a","UNCONFIRMED_UP","26002DB6",2,59334,true,"","",""
"2022-01-06T12:10:32.790550Z","technolution-gouda",867900000,12,-11.5,-120,2.465792,"QMEreBSAmiQCvgMEJqH7Lf/V2i9OX3bMKJhz1Xl1VvQ6MW9/ovP47KiRPYD4rhoqNWTc","UNCONFIRMED_UP","14782BC1",2,9370,true,"","",""
"2022-01-06T12:10:38.119360Z","technolution-gouda",867300000,7,-5.5,-119,0.056575999999999994,"QNcnASeABgAC4KUjdy3nyKkD","UNCONFIRMED_UP","270127D7",2,6,true,"","",""
"2022-01-06T12:10:47.714095Z","technolution-gouda",867900000,12,0.5,-123,2.465792,"QDDaAAH459VYAFL3ADvbfPcPGG8a6ZYSyTtR7zPgaE2rEfYAL2Qc1sgKzVAWATqIfvGY4w==","UNCONFIRMED_UP","0100DA30",247,54759,true,"","",""
"2022-01-06T12:10:56.503822Z","technolution-gouda",868300000,12,-12.8,-119,1.318912,"QP1pASaA07ACc0TTeSfSr3yB","UNCONFIRMED_UP","260169FD",2,45267,true,"","",""
"2022-01-06T12:11:00.708617Z","technolution-gouda",868100000,12,-6.2,-119,2.629632,"QFW+xRSAVSkC7+NZZbVcWMAEGvQgDB+x4k2/V8okpCQ56rms0jx7r+O9ju85FYf52mGxbJBRpTY=","UNCONFIRMED_UP","14C5BE55",2,10581,true,"","",""
"2022-01-06T12:11:02.245515Z","technolution-gouda",867900000,12,-10.8,-120,1.4827519999999998,"QNwkASaAPGICy/foHDZSGNfTkA==","UNCONFIRMED_UP","260124DC",2,25148,true,"","",""
"2022-01-06T12:11:05.338422Z","technolution-gouda",868100000,9,-10.0,-119,0.20582399999999998,"AEIA/89d1bNwNxMIwF3Vs3D+5n+ZbYE=","JOIN_REQUEST","",0,0,false,"70B3D55DCFFF0042","70B3D55DC0081337","E6FE"
"2022-01-06T12:11:12.324252Z","technolution-gouda",867700000,7,-3.0,-117,0.092416,"QJ8ZASaAhgMBhhF3h9qJkDAuG4U1G9HbYjGkL/FZYfsc2GyMB+rwUN2RoJk=","UNCONFIRMED_UP","2601199F",1,902,true,"","",""
"2022-01-06T12:11:14.287532Z","technolution-gouda",867300000,12,-20.0,-120,2.465792,"QLklYRSAuwQCgsq4OEo73PYXk9h2ljd8aQw9Ts6BkqpbNETLFiCqsoh56w3Jc7kYLFO+WcM=","UNCONFIRMED_UP","146125B9",2,1211,true,"","",""
"2022-01-06T12:11:14.986160Z","technolution-gouda",868500000,12,-4.0,-117,2.465792,"QEplZhWAfyMCPm24YUmMnSsFRUYFkLmNDY1B6dkAxoK+tRNPQOmXLc0BDNIx7LJaOAlY","UNCONFIRMED_UP","1566654A",2,9087,true,"","",""
"2022-01-06T12:11:18.883599Z","technolution-gouda",867300000,7,-0.8,-120,0.056575999999999994,"QKteASaAKngCK4aQJkcxAnVH","UNCONFIRMED_UP","26015EAB",2,30762,true,"","",""
"2022-01-06T12:11:22.899876Z","technolution-gouda",867100000,12,-14.0,-120,1.318912,"QAQnmhSAERQByCWreq8Q","UNCONFIRMED_UP","149A2704",1,5137,true,"","",""
"2022-01-06T12:11:26.559670Z","technolution-gouda",868100000,11,-9.2,-120,0.8232959999999999,"AEIA/89d1bNwNxMIwF3Vs3AM34nzU3s=","JOIN_REQUEST","",0,0,false,"70B3D55DCFFF0042","70B3D55DC0081337","DF0C"
"2022-01-06T12:11:31.145595Z","technolution-gouda",868300000,12,-15.5,-118,2.465792,"QIIXuRSAECYCVFZS+EMsJ9EfXyTbiOM83F4FVwADDSse4H/+LFAncoubsQJeSoXlWDc=","UNCONFIRMED_UP","14B91782",2,9744,true,"","",""
"2022-01-06T12:11:33.928503Z","technolution-gouda",868500000,11,-7.0,-119,0.8232959999999999,"AEIA/89d1bNwNxMIwF3Vs3A26QuvbJo=","JOIN_REQUEST","",0,0,false,"70B3D55DCFFF0042","70B3D55DC0081337","E936"
"2022-01-06T12:11:35.139392Z","technolution-gouda",867900000,9,-3.8,-120,0.22630399999999998,"QPsfIRWA3gABUbyxq8KG2n3ZVzDwQGMjBw==","UNCONFIRMED_UP","15211FFB",1,222,true,"","",""
"2022-01-06T12:11:40.690208Z","technolution-gouda",868100000,8,11.0,-87,0.11315199999999999,"gLTsbwaA2UcCxghntwGCTn0/zjEc9A==","CONFIRMED_UP","066FECB4",2,18393,true,"","",""
"2022-01-06T12:11:48.228920Z","technolution-gouda",867300000,12,-3.2,-118,2.465792,"QA8cJhSA7yMCcXcFc1aUyhDwHY9oGCwQq5oC9Pvs8Sk1/1z2soD76jAdshwhTGj4UQ==","UNCONFIRMED_UP","14261C0F",2,9199,true,"","",""
"2022-01-06T12:12:01.980445Z","technolution-gouda",868500000,12,-17.8,-119,1.4827519999999998,"QDgsASaAQmACN8N+pyULMwjbEw==","UNCONFIRMED_UP","26012C38",2,24642,true,"","",""
"2022-01-06T12:12:05.795621Z","technolution-gouda",867900000,12,4.8,-110,1.6465919999999998,"QMhqihQBmAACATlNybE8WwpAd/eQkGzG","UNCONFIRMED_UP","148A6AC8",1,152,false,"","",""
"2022-01-06T12:12:27.853494Z","technolution-gouda",867300000,12,-5.5,-121,1.8104319999999998,"QOcHbRSA/dcFfqmx0n+1II4fe5rA2YRR/M+8Wr8=","UNCONFIRMED_UP","146D07E7",5,55293,true,"","",""
"2022-01-06T12:12:30.991405Z","technolution-gouda",868300000,12,-13.5,-120,2.465792,"QPqLbRSAaiUC+bRmfWlS+C+vzZhxBQdETRNvCnBPjaASHmM6ofq8pVSm6Nhy/tIL1w==","UNCONFIRMED_UP","146D8BFA",2,9578,true,"","",""
"2022-01-06T12:12:31.821416Z","technolution-gouda",868500000,7,7.8,-87,0.066816,"gN1XwQeC3kYDBwJlOIQHswvqYxso78wy","CONFIRMED_UP","07C157DD",2,18142,true,"","",""
"2022-01-06T12:12:40.015134Z","technolution-gouda",867300000,7,4.5,-112,0.056575999999999994,"QJaaCyYAX8sIeCsaIk5UO5LvZN8=","UNCONFIRMED_UP","260B9A96",8,52063,false,"","",""
"2022-01-06T12:12:44.762003Z","technolution-gouda",867300000,7,-3.0,-119,0.056575999999999994,"QJopACaAVWQCCVJco8vcm2mO","UNCONFIRMED_UP","2600299A",2,25685,true,"","",""
"2022-01-06T12:12:47.717845Z","technolution-gouda",868100000,12,-9.8,-121,2.465792,"QMIApRWAHCcCkJNyp6dsUxYXEXXNt6Bvr9BNXkVC5mgG5QBQ1iCKRmoa6LPt8ECWHrTbpg==","UNCONFIRMED_UP","15A500C2",2,10012,true,"","",""
"2022-01-06T12:12:50.708755Z","technolution-gouda",867100000,11,3.8,-114,0.659456,"QGF/zBWAYRgBaL6Cu71v","UNCONFIRMED_UP","15CC7F61",1,6241,true,"","",""
"2022-01-06T12:12:51.521643Z","technolution-gouda",867900000,11,-15.2,-121,0.659456,"QN2YwRSAXyYBsbHL1Exo","UNCONFIRMED_UP","14C198DD",1,9823,true,"","",""
"2022-01-06T12:12:54.783556Z","technolution-gouda",867900000,12,-4.5,-120,2.465792,"QBXMoxWAHCwCaPNGishDEjC8GoNMgZAzCzeEiFTW8PY11tjQFLgVQUDmYZNqvGE3VvIwmA==","UNCONFIRMED_UP","15A3CC15",2,11292,true,"","",""
"2022-01-06T12:13:10.112977Z","technolution-gouda",867300000,7,-6.2,-120,0.056575999999999994,"QC0nASeACwACnApKZyFkUvs0","UNCONFIRMED_UP","2701272D",2,11,true,"","",""
"2022-01-06T12:13:12.733402Z","technolution-gouda",867700000,12,3.2,-112,2.629632,"QDgZOBWAYRYCWFKSSDu8ahqlfqoRVvev4g0pID4G3Cxem2B2VHB6Zmci+fkW/MPVhOYrRjXnpxM=","UNCONFIRMED_UP","15381938",2,5729,true,"","",""
"2022-01-06T12:13:16.403929Z","technolution-gouda",868100000,11,4.5,-114,0.659456,"QA0ZlhWAoBYB54vCutFQ","UNCONFIRMED_UP","1596190D",1,5792,true,"","",""
"2022-01-06T12:13:47.170656Z","technolution-gouda",867700000,11,-17.5,-120,1.069056,"QMBLCyaCtB4DBgiNwlUc8PZMLnnOOcKOuCE5TCKOwbZzaQ==","UNCONFIRMED_UP","260B4BC0",8,7860,true,"","",""
"2022-01-06T12:13:47.623788Z","technolution-gouda",867900000,12,-11.2,-121,1.6465919999999998,"QKXEMhWAfZUFITR1WdDxce6klqCW+2g25p4=","UNCONFIRMED_UP","1532C4A5",5,38269,true,"","",""
"2022-01-06T12:13:50.061566Z","technolution-gouda",867300000,11,-11.2,-120,0.8232959999999999,"QFGCgRQAV0UB4j4dNXYaKLEjOAJQZucA","UNCONFIRMED_UP","14818251",1,17751,false,"","",""
"2022-01-06T12:13:50.191566Z","technolution-gouda",867900000,11,-14.8,-120,0.659456,"QOluVhWABRAB7izXD7P2","UNCONFIRMED_UP","15566EE9",1,4101,true,"","",""
"2022-01-06T12:13:53.707481Z","technolution-gouda",868500000,12,-11.0,-119,1.974272,"QKEnASaAkxwBwvA8L65vNAa51y0VISAMAfxW2qf5mR6IO3+ZbA==","UNCONFIRMED_UP","260127A1",1,7315,true,"","",""
"2022-01-06T12:14:00.163308Z","technolution-gouda",867700000,12,-16.8,-118,1.4827519999999998,"QAEnASaA2GkCkWiIlDU54i1AHA==","UNCONFIRMED_UP","26012701",2,27096,true,"","",""
"2022-01-06T12:14:02.393218Z","technolution-gouda",868500000,9,-8.0,-113,0.20582399999999998,"AEIA/89d1bNwNxMIwF3Vs3BUVZj39II=","JOIN_REQUEST","",0,0,false,"70B3D55DCFFF0042","70B3D55DC0081337","5554"
"2022-01-06T12:14:09.154285Z","technolution-gouda",868100000,9,-9.0,-120,0.20582399999999998,"AEIA/89d1bNwNxMIwF3Vs3A0k4/jviU=","JOIN_REQUEST","",0,0,false,"70B3D55DCFFF0042","70B3D55DC0081337","9334"
"2022-01-06T12:14:10.944932Z","technolution-gouda",868500000,12,-8.8,-117,2.465792,"QAQIFhWAFDACgEjyR7bU9v5QFe8Gh5PC3WLX+Hnb1j093nG10g0rqooH9aXY0AH6e3tK","UNCONFIRMED_UP","15160804",2,12308,true,"","",""
"2022-01-06T12:14:14.800721Z","technolution-gouda",867100000,9,-9.0,-121,0.369664,"QIyuzsSAAAADzXBnctPRH7/CF3R2CyMfI75Que8ISwB+dzCZ1Cr/tmj5YROhG8clcmxqW5QrqJHv","UNCONFIRMED_UP","C4CEAE8C",3,0,true,"","",""
"2022-01-06T12:14:16.137387Z","technolution-gouda",867300000,8,-9.5,-119,0.123392,"QIyuzsSFAQADBwb+PwLsLrloX90lQ5x3n5k=","UNCONFIRMED_UP","C4CEAE8C",2,1,true,"","",""
"2022-01-06T12:14:20.785539Z","technolution-gouda",867300000,12,-8.8,-120,1.8104319999999998,"QPeZmhSA/tcF1GxCLVdyDK8nw69/etoWB7w58xI=","UNCONFIRMED_UP","149A99F7",5,55294,true,"","",""
"2022-01-06T12:14:20.913539Z","technolution-gouda",867900000,7,-8.0,-120,0.092416,"QJ8ZASaAhwMBDrGnVT2j2q4HlpAFU642WYBqMm31fcDI89nEMWN4sREzvV8=","UNCONFIRMED_UP","2601199F",1,903,true,"","",""
"2022-01-06T12:14:25.076105Z","technolution-gouda",867100000,12,-15.0,-120,1.8104319999999998,"QEEVASaAs9QBNi2+U0ti45IF4yqI5LnSm86bCdkjVpM=","UNCONFIRMED_UP","26011541",1,54451,true,"","",""
"2022-01-06T12:14:40.220887Z","technolution-gouda",867300000,12,-20.8,-119,2.465792,"QDxaEBWArRsCUL5hSqt8WbCkFsoGcpFq3n/tQNl8J4sJGEa7fUsbTamM5iB2mBtrUy8=","UNCONFIRMED_UP","15105A3C",2,7085,true,"","",""
"2022-01-06T12:14:49.720494Z","technolution-gouda",867100000,12,-20.0,-120,2.629632,"QOIVrhWANAkCWWcttG0Fg49iF68FVczIvWIQCjFIib38G66O/wySUb5EotCFSa1VRcKS+l+eeYiftQ==","UNCONFIRMED_UP","15AE15E2",2,2356,true,"","",""
"2022-01-06T12:15:01.524130Z","technolution-gouda",868100000,7,-5.5,-118,0.056575999999999994,"QNxvASaAFngC0D0FQOsgvkaA","UNCONFIRMED_UP","26016FDC",2,30742,true,"","",""
"2022-01-06T12:15:08.095830Z","technolution-gouda",868100000,11,-8.8,-121,0.9052159999999999,"QHR9CyaAKwAKyUOvbPfS0TWa/MgfO/RXxw==","UNCONFIRMED_UP","260B7D74",10,43,true,"","",""
"2022-01-06T12:15:14.897661Z","technolution-gouda",867900000,12,-11.8,-120,2.465792,"QHv45RSAuwcCW2WDFwi/BLbuxqImlzpara9+npAhouPYJjtaKFJcb7ZAoyj6u57xW9s=","UNCONFIRMED_UP","14E5F87B",2,1979,true,"","",""
"2022-01-06T12:15:19.664463Z","technolution-gouda",867300000,12,-3.5,-119,2.629632,"QM4mahSA8CMCMce2nNW85XmfMP1jnQ1N8HV5eGPM/ekkPr91dxRLmH8iHV+9n3UpNB8Kcu+xrMY=","UNCONFIRMED_UP","146A26CE",2,9200,true,"","",""
"2022-01-06T12:15:20.645349Z","technolution-gouda",867300000,7,-6.5,-119,0.056575999999999994,"QMBiASaAxa8CEmvGgDe1Egz3","UNCONFIRMED_UP","260162C0",2,44997,true,"","",""
"2022-01-06T12:15:42.741609Z","technolution-gouda",867300000,12,-18.0,-121,2.465792,"QHu5xRWAeysCOC9CKaSVfRT/xq+jHCM9PKPT1xMaxIyI5GjbbWnv3nwKgLRE09jqgf4=","UNCONFIRMED_UP","15C5B97B",2,11131,true,"","",""
"2022-01-06T12:15:58.382068Z","technolution-gouda",867900000,11,-9.0,-120,0.7413759999999999,"QDMkABQAQjIB//Oa0M2qC4aYtUg=","UNCONFIRMED_UP","14002433",1,12866,false,"","",""
"2022-01-06T12:16:11.908564Z","technolution-gouda",867300000,12,-13.8,-119,1.6465919999999998,"QPJCRRWAAQABZxHPFJD0Y8/fhiBWqEMV","UNCONFIRMED_UP","154542F2",1,1,true,"","",""
"2022-01-06T12:16:12.531569Z","technolution-gouda",867100000,12,-11.0,-121,1.318912,"QDYgACaAv+gCOXB07TXdO7b4","UNCONFIRMED_UP","26002036",2,59583,true,"","",""
"2022-01-06T12:16:16.205484Z","technolution-gouda",868100000,10,-5.2,-118,0.616448,"QO1dJhWAkSACZWD9HILeecDtewvYDFOV72vKznUDhDoepFsuc4bEqUSF2UNXCn3b2qw=","UNCONFIRMED_UP","15265DED",2,8337,true,"","",""
"2022-01-06T12:16:30.199893Z","technolution-gouda",868100000,12,-18.2,-121,2.793472,"QIIgCCYAwQMB9EpXoPSQ0bEtcgGJrCkKNlqGOHE5Lf//UnF0ZwDgjT/JDTkBHD3COCJZ7aGpabKRTbcsZco=","UNCONFIRMED_UP","26082082",1,961,false,"","",""
"2022-01-06T12:16:36.883724Z","technolution-gouda",868100000,9,-7.5,-120,0.20582399999999998,"AEIA/89d1bNwNxMIwF3Vs3D+z/GHzkc=","JOIN_REQUEST","",0,0,false,"70B3D55DCFFF0042","70B3D55DC0081337","CFFE"
"2022-01-06T12:16:45.008438Z","technolution-gouda",867900000,9,-9.8,-120,0.20582399999999998,"QMnZx8SAAQAC808Ocfd1hapXeDoR","UNCONFIRMED_UP","C4C7D9C9",2,1,true,"","",""
"2022-01-06T12:17:12.197408Z","technolution-gouda",867500000,12,-7.0,-119,2.465792,"QDDaAAHk4z8KAGYaAFk9bYcMXqw+d3Cufje8BoXtOzXn0eBYIJpNVnny/5K4EkNyCzgLjA==","UNCONFIRMED_UP","0100DA30",0,16355,true,"","",""
"2022-01-06T12:17:20.371095Z","technolution-gouda",867700000,12,-11.8,-120,1.318912,"QOVAASaAsLICtxVJdj2gG4AC","UNCONFIRMED_UP","260140E5",2,45744,true,"","",""
"2022-01-06T12:17:26.771981Z","technolution-gouda",867300000,12,-9.0,-119,1.8104319999999998,"QEEVASaAtNQBIvjCLQZeXERoLfVDKBy2mbEWjP5X6iE=","UNCONFIRMED_UP","26011541",1,54452,true,"","",""
"2022-01-06T12:17:50.099435Z","technolution-gouda",867900000,12,-13.2,-121,1.4827519999999998,"QFEsASaAz18CNQl4A15XBOZJcw==","UNCONFIRMED_UP","26012C51",2,24527,true,"","",""
"2022-01-06T12:17:50.750064Z","technolution-gouda",868100000,9,-8.8,-121,0.20582399999999998,"AEIA/89d1bNwNxMIwF3Vs3DCYw2JHHY=","JOIN_REQUEST","",0,0,false,"70B3D55DCFFF0042","70B3D55DC0081337","63C2"
"2022-01-06T12:17:54.946998Z","technolution-gouda",867700000,7,2.5,-115,0.056575999999999994,"QJaaCyYAYMsIIvz03CPxruP6vpI=","UNCONFIRMED_UP","260B9A96",8,52064,false,"","",""
"2022-01-06T12:17:56.389880Z","technolution-gouda",867900000,9,-10.2,-119,0.369664,"QBLUwMSAAAADe5cAUt/tH7NwhkEA+S46zsmf3MKknqlGXyy2Az6Jx+pRAfIhgqcBRkuj1lSasDp2","UNCONFIRMED_UP","C4C0D412",3,0,true,"","",""
"2022-01-06T12:18:29.537756Z","technolution-gouda",867700000,12,-13.5,-120,1.4827519999999998,"QJ0kASaAE2EC6due0+w50+vauQ==","UNCONFIRMED_UP","2601249D",2,24851,true,"","",""
"2022-01-06T12:18:39.674371Z","technolution-gouda",867700000,12,-11.5,-121,1.8104319999999998,"QFwL9BWAvM8F6fTx4G03QzTJ5yZ+TOgzAXUgO+Y=","UNCONFIRMED_UP","15F40B5C",5,53180,true,"","",""
"2022-01-06T12:18:41.189270Z","technolution-gouda",868300000,12,3.8,-102,2.465792,"QDDaAAG3ZcIdAIrmAPpNmtmdLdULj5vhB1SLZ/IG2pZsuWyzwek5Pda9hZ04lC0JDS37dQ==","UNCONFIRMED_UP","0100DA30",154,49765,true,"","",""
"2022-01-06T12:18:44.375179Z","technolution-gouda",867700000,12,-9.0,-119,2.465792,"QDDaAAEIImQFABx0ACUlpjpMqpfxT+JWBciyBCBTPR9ij8rKuacqtQ4k5kGTc4HKDsYP3A==","UNCONFIRMED_UP","0100DA30",58,25634,false,"","",""
"2022-01-06T12:18:54.169798Z","technolution-gouda",868300000,7,4.5,-109,0.087296,"QPwKCyaA2goCWvs568Y0oAQRdDLm4dS3x/DAKcAz2uvWMP4mpwc=","UNCONFIRMED_UP","260B0AFC",2,2778,true,"","",""
"2022-01-06T12:19:20.768844Z","technolution-gouda",867100000,12,-9.0,-121,1.8104319999999998,"QPeZmhSA/9cFwWQVlp5omMChnNu6Df9mCHTeM+c=","UNCONFIRMED_UP","149A99F7",5,55295,true,"","",""
"2022-01-06T12:19:30.283578Z","technolution-gouda",868100000,12,6.5,-113,2.465792,"QDDaAAHmxp/QAJjRAK+mVjzW8MZcDRes6tdBY57xCUavPOhP71KG9ouBDWlTCfCJ09EJDw==","UNCONFIRMED_UP","0100DA30",166,40902,true,"","",""
"2022-01-06T12:19:41.370203Z","technolution-gouda",867900000,11,-4.0,-121,0.659456,"QCqliBWANAkBqLiI4qfR","UNCONFIRMED_UP","1588A52A",1,2356,true,"","",""
"2022-01-06T12:19:49.593923Z","technolution-gouda",867900000,12,-15.8,-121,1.4827519999999998,"QPgpASaA1lUC3rlrrfiVtq5HcQ==","UNCONFIRMED_UP","260129F8",2,21974,true,"","",""
"2022-01-06T12:19:50.829813Z","technolution-gouda",867900000,7,3.8,-115,0.056575999999999994,"QFwiACaACHgCn3YXwfLx7Bdk","UNCONFIRMED_UP","2600225C",2,30728,true,"","",""
"2022-01-06T12:19:56.049619Z","technolution-gouda",867900000,7,-7.8,-119,0.061696,"QAS9yMSAIdIBNrXMw7afDIjeW1eodEY=","UNCONFIRMED_UP","C4C8BD04",1,53793,true,"","",""
"2022-01-06T12:20:06.873872Z","technolution-gouda",868500000,11,-6.2,-113,0.659456,"QCNMcBWA1xgBlksa8ZWv","UNCONFIRMED_UP","15704C23",1,6359,true,"","",""
"2022-01-06T12:20:09.452391Z","technolution-gouda",868100000,11,-13.0,-121,1.069056,"QMBLCyaCtx4DBggq6bsSxkLwvaYuyWMHWc7TqVR/VSoXGw==","UNCONFIRMED_UP","260B4BC0",8,7863,true,"","",""
"2022-01-06T12:20:12.089054Z","technolution-gouda",867100000,12,-9.8,-121,1.4827519999999998,"QH0mASaAg2ECPmKMMVhQZznN+Q==","UNCONFIRMED_UP","2601267D",2,24963,true,"","",""
"2022-01-06T12:20:18.481975Z","technolution-gouda",868300000,9,-8.8,-113,0.20582399999999998,"AEIA/89d1bNwNxMIwF3Vs3B63Ye3XT0=","JOIN_REQUEST","",0,0,false,"70B3D55DCFFF0042","70B3D55DC0081337","DD7A"
"2022-01-06T12:20:29.128506Z","technolution-gouda",867700000,11,-14.5,-120,0.659456,"QAc4QxWApCgB+F96b4eb","UNCONFIRMED_UP","15433807",1,10404,true,"","",""
"2022-01-06T12:20:32.151417Z","technolution-gouda",868100000,10,-8.5,-120,0.41164799999999996,"AEIA/89d1bNwNxMIwF3Vs3Au6/vu5c8=","JOIN_REQUEST","",0,0,false,"70B3D55DCFFF0042","70B3D55DC0081337","EB2E"
"2022-01-06T12:20:39.070506Z","technolution-gouda",868300000,10,-12.8,-115,0.41164799999999996,"AEIA/89d1bNwNxMIwF3Vs3CumzBo0Zo=","JOIN_REQUEST","",0,0,false,"70B3D55DCFFF0042","70B3D55DC0081337","9BAE"
"2022-01-06T12:20:42.256041Z","technolution-gouda",868100000,12,2.0,-114,1.8104319999999998,"QMrfVBWAn5ABLtwkecUN/89Jwb5/7OQvWNBcCDEjOQ==","UNCONFIRMED_UP","1554DFCA",1,37023,true,"","",""
"2022-01-06T12:20:46.452085Z","technolution-gouda",868100000,11,-8.5,-108,0.8232959999999999,"AEIA/89d1bNwNxMIwF3Vs3BaD9p+78A=","JOIN_REQUEST","",0,0,false,"70B3D55DCFFF0042","70B3D55DC0081337","0F5A"
"2022-01-06T12:20:53.819565Z","technolution-gouda",868500000,11,-10.5,-118,0.8232959999999999,"AEIA/89d1bNwNxMIwF3Vs3DAorj1oi0=","JOIN_REQUEST","",0,0,false,"70B3D55DCFFF0042","70B3D55DC0081337","A2C0"
"2022-01-06T12:20:53.951568Z","technolution-gouda",868500000,12,-13.5,-117,1.318912,"QNFlASaAg64CT3Fz4YjzN2Kr","UNCONFIRMED_UP","260165D1",2,44675,true,"","",""
"2022-01-06T12:21:01.260410Z","technolution-gouda",868500000,11,-9.5,-119,1.478656,"QAMOycSAAAADgrezrVE/+Vz8/6u2Vo+PdEFI3NrjdeZfRFp5ScoIPCwYXG5p3LH7XkFWj+fE6EEh","UNCONFIRMED_UP","C4C90E03",3,0,true,"","",""
"2022-01-06T12:21:04.361320Z","technolution-gouda",867900000,12,-15.8,-121,1.8104319999999998,"QD0eORUARZoBgLi/AZsvwEZegieieUYpr91/wuy4ow==","UNCONFIRMED_UP","15391E3D",1,39493,false,"","",""
"2022-01-06T12:21:10.608025Z","technolution-gouda",867700000,12,-17.5,-120,2.957312,"QOuXuRQAGQABTsx3p8RC3ze4Teb90Va0os6pl9/X3QPlGikwRnqbzqtlLfwSFJaaI8Cx3eTlRVntCte0XTSgQg==","UNCONFIRMED_UP","14B997EB",1,25,false,"","",""
"2022-01-06T12:21:18.525870Z","technolution-gouda",867700000,12,-5.8,-120,1.4827519999999998,"QNonASaA8JQCfvkWvikHie1Upg==","UNCONFIRMED_UP","260127DA",2,38128,true,"","",""
"2022-01-06T12:21:22.063665Z","technolution-gouda",867900000,7,-8.2,-121,0.056575999999999994,"QK9HASaApa8C2zec7N+g9C1F","UNCONFIRMED_UP","260147AF",2,44965,true,"","",""
"2022-01-06T12:21:23.117679Z","technolution-gouda",868100000,7,8.5,-105,0.087296,"QG3yCyaA3QoCAMtMN3E7b7OCuLkX233MxKNdvPCqAyYNAo1EW6OH","UNCONFIRMED_UP","260BF26D",2,2781,true,"","",""
"2022-01-06T12:21:26.713475Z","technolution-gouda",868300000,11,-13.2,-114,0.659456,"QGqnBBSA4BYBYQCLvnaB","UNCONFIRMED_UP","1404A76A",1,5856,true,"","",""
"2022-01-06T12:21:27.781485Z","technolution-gouda",867100000,12,-11.2,-121,1.4827519999999998,"QCslASaAF2ACNax2DU9kHHMSeg==","UNCONFIRMED_UP","2601252B",2,24599,true,"","",""
"2022-01-06T12:21:36.380221Z","technolution-gouda",867300000,12,2.0,-113,1.6465919999999998,"QGTolxQADQABiFjJ703brEDb/hrdkCMN","UNCONFIRMED_UP","1497E864",1,13,false,"","",""
"2022-01-06T12:21:39.131124Z","technolution-gouda",868300000,7,5.8,-106,0.087296,"QLq2CyaA2woC0GdjnDCAGJYZp5vWjFJ2yG5UpqSGu3WrCtTXK5Yw","UNCONFIRMED_UP","260BB6BA",2,2779,true,"","",""
"2022-01-06T12:21:41.866164Z","technolution-gouda",867700000,12,-11.0,-120,1.318912,"QNIwChWAkgsBukf7E0is","UNCONFIRMED_UP","150A30D2",1,2962,true,"","",""
"2022-01-06T12:22:16.548838Z","technolution-gouda",867900000,12,-12.2,-121,1.4827519999999998,"QDMoASaAZmECP8e19NA3Vq6xjw==","UNCONFIRMED_UP","26012833",2,24934,true,"","",""
"2022-01-06T12:22:29.165374Z","technolution-gouda",868500000,8,7.5,-93,0.11315199999999999,"gN1XwQeA4EYCj5tgSVEZFJH8YAWAPA==","CONFIRMED_UP","07C157DD",2,18144,true,"","",""
"2022-01-06T12:22:34.991198Z","technolution-gouda",867900000,11,-12.5,-121,0.659456,"QDbcwBSAzCcB19CxFomk","UNCONFIRMED_UP","14C0DC36",1,10188,true,"","",""
"2022-01-06T12:22:35.124195Z","technolution-gouda",867700000,12,-16.8,-120,2.957312,"QA7WnBUAAwABzSAflN+kVNwCPvzTYWdXCGsczlkWsCzVdZzlTWeoCTVcKMMy0g7MeVoIf1zMTpp+Mgh9QTRz8Q==","UNCONFIRMED_UP","159CD60E",1,3,false,"","",""
"2022-01-06T12:22:38.093981Z","technolution-gouda",868100000,7,10.2,-100,0.066816,"gKISAQeC8EcDBwILmEwvTO31LNMoCgN6","CONFIRMED_UP","070112A2",2,18416,true,"","",""
"2022-01-06T12:22:44.171915Z","technolution-gouda",868100000,7,-1.5,-120,0.061696,"gCKkMwaAFEkC9aU+1n4gQJw08vFX1A==","CONFIRMED_UP","0633A422",2,18708,true,"","",""
"2022-01-06T12:23:09.968008Z","technolution-gouda",868500000,7,-1.8,-114,0.056575999999999994,"QJaaCyYAYcsI04S48JjQcMJY7N0=","UNCONFIRMED_UP","260B9A96",8,52065,false,"","",""
"2022-01-06T12:23:23.994558Z","technolution-gouda",867300000,12,-11.8,-119,1.318912,"QGlDASaAp7ICiXHUn7vk6l5x","UNCONFIRMED_UP","26014369",2,45735,true,"","",""
"2022-01-06T12:23:29.049239Z","technolution-gouda",868100000,9,-12.2,-121,0.20582399999999998,"AEIA/89d1bNwNxMIwF3Vs3AARlhfmok=","JOIN_REQUEST","",0,0,false,"70B3D55DCFFF0042","70B3D55DC0081337","4600"
"2022-01-06T12:23:30.119252Z","technolution-gouda",867700000,12,-19.5,-120,1.8104319999999998,"QEEVASaAttQB3Da2lhx9ELgnJH/pZ1psyrXZTlqUYTo=","UNCONFIRMED_UP","26011541",1,54454,true,"","",""
"2022-01-06T12:23:57.881500Z","technolution-gouda",867700000,12,-16.5,-121,1.4827519999999998,"QKYnASaA42ECpEraSni/pY+ZHw==","UNCONFIRMED_UP","260127A6",2,25059,true,"","",""
"2022-01-06T12:24:04.241045Z","technolution-gouda",867900000,7,-7.8,-120,0.056575999999999994,"QLxiASaAM64CI9z0zRPf4YOq","UNCONFIRMED_UP","260162BC",2,44595,true,"","",""
"2022-01-06T12:24:12.633779Z","technolution-gouda",867300000,12,-11.0,-121,1.318912,"QG8iExSAFgkBlUDPPuK5","UNCONFIRMED_UP","1413226F",1,2326,true,"","",""
"2022-01-06T12:24:15.579688Z","technolution-gouda",867100000,12,-16.5,-120,1.318912,"QBBJASaADbICqSn8r7Gb9sRQ","UNCONFIRMED_UP","26014910",2,45581,true,"","",""
"2022-01-06T12:24:24.302204Z","technolution-gouda",867700000,11,-15.0,-120,1.069056,"QMBLCyaCuR4DBghQGNelJnj8k34GxHogLqPQ/Mdbys9xwQ==","UNCONFIRMED_UP","260B4BC0",8,7865,true,"","",""
"2022-01-06T12:24:47.274582Z","technolution-gouda",867300000,12,-16.2,-120,1.4827519999999998,"QEYoASaA6mECv/SIIM8B5Z6yPw==","UNCONFIRMED_UP","26012846",2,25066,true,"","",""
"2022-01-06T12:24:59.231230Z","technolution-gouda",868500000,12,-11.8,-119,1.318912,"QE1TASaAZ1MC/OVQzfllEHze","UNCONFIRMED_UP","2601534D",2,21351,true,"","",""
"2022-01-06T12:25:04.772006Z","technolution-gouda",867100000,7,-5.8,-120,0.056575999999999994,"QNcmACaApq8Cz4UMHCcRyD9+","UNCONFIRMED_UP","260026D7",2,44966,true,"","",""
"2022-01-06T12:25:07.335954Z","technolution-gouda",867300000,12,-17.5,-118,2.629632,"gIdNdRSACQAB7b1WLxOqweueOIiyuqZZdouOTxCDWeugHKauQmJ995P/klPg0JBuW27XUUEm","CONFIRMED_UP","14754D87",1,9,true,"","",""
"2022-01-06T12:25:08.203839Z","technolution-gouda",867300000,11,2.2,-116,0.9052159999999999,"QHR9CyaALQAKEBR3z1y4khTd7X75kVaO6g==","UNCONFIRMED_UP","260B7D74",10,45,true,"","",""
"2022-01-06T12:25:11.989759Z","technolution-gouda",868100000,12,-17.0,-121,1.318912,"QGEqACaAebECm7Y5ZSUsovrP","UNCONFIRMED_UP","26002A61",2,45433,true,"","",""
"2022-01-06T12:25:38.179836Z","technolution-gouda",868100000,7,-8.2,-119,0.056575999999999994,"QNcnASeABwACYGPJLWdnkiTm","UNCONFIRMED_UP","270127D7",2,7,true,"","",""
"2022-01-06T12:25:56.554312Z","technolution-gouda",867700000,12,-6.5,-120,1.318912,"QP1pASaA1LAC3PX2SyJLENj+","UNCONFIRMED_UP","260169FD",2,45268,true,"","",""
"2022-01-06T12:26:01.017118Z","technolution-gouda",868100000,12,-18.8,-121,2.465792,"QLefshWAaC8C4mE+zvLUjLGRcaF7xlarPDXj9d2GxVmJ9I/vm5PiRgSL7PW85FsXATxOe5E=","UNCONFIRMED_UP","15B29FB7",2,12136,true,"","",""
"2022-01-06T12:26:02.360008Z","technolution-gouda",867900000,12,-14.2,-121,1.4827519999999998,"QNwkASaAPWICI1FDCk9KplYu0Q==","UNCONFIRMED_UP","260124DC",2,25149,true,"","",""
"2022-01-06T12:26:12.279634Z","technolution-gouda",868100000,11,-6.8,-120,0.659456,"QLnkVRSANCIBN18gSGXr","UNCONFIRMED_UP","1455E4B9",1,8756,true,"","",""
"2022-01-06T12:26:28.380076Z","technolution-gouda",868100000,7,2.0,-114,0.061696,"gGA3wgaAQkgCU/BhzbCul1Nmt4Bd9A==","CONFIRMED_UP","06C23760",2,18498,true,"","",""
"2022-01-06T12:26:31.734117Z","technolution-gouda",867900000,11,-13.8,-120,1.069056,"QMBLCyaCuh4DBgh9+mFP7CLCiI2AwHDv3zAOVKYUWZHrYA==","UNCONFIRMED_UP","260B4BC0",8,7866,true,"","",""
"2022-01-06T12:26:32.884005Z","technolution-gouda",867700000,11,-16.2,-120,0.659456,"QMuWlBSA6CABrYGtMPt0","UNCONFIRMED_UP","149496CB",1,8424,true,"","",""
"2022-01-06T12:26:36.091912Z","technolution-gouda",867100000,9,-4.8,-119,0.22630399999999998,"QPsfIRWA3wABbgHxHi28LiRFgCHdnCG8+g==","UNCONFIRMED_UP","15211FFB",1,223,true,"","",""
"2022-01-06T12:26:47.561444Z","technolution-gouda",867300000,7,0.5,-116,0.056575999999999994,"QAEnASeACgACdZ6VRCfWtktC","UNCONFIRMED_UP","27012701",2,10,true,"","",""
"2022-01-06T12:26:51.879248Z","technolution-gouda",867100000,7,-1.8,-118,0.092416,"QJ8ZASaAiwMB/SA5oiYHb681O6+wPdBN2qCBT61AUU1qM0ZI3orfaXVU+zo=","UNCONFIRMED_UP","2601199F",1,907,true,"","",""
"2022-01-06T12:27:02.083002Z","technolution-gouda",867900000,12,-11.5,-121,1.4827519999999998,"QDgsASaAQ2ACxSDSaa1aoLitZQ==","UNCONFIRMED_UP","26012C38",2,24643,true,"","",""
"2022-01-06T12:27:10.653598Z","technolution-gouda",868500000,9,-10.5,-115,0.20582399999999998,"AEIA/89d1bNwNxMIwF3Vs3AU4Z8wpw4=","JOIN_REQUEST","",0,0,false,"70B3D55DCFFF0042","70B3D55DC0081337","E114"
"2022-01-06T12:27:14.282517Z","technolution-gouda",867700000,7,-5.0,-118,0.056575999999999994,"QP1uASaADngCd02Iinitfsvj","UNCONFIRMED_UP","26016EFD",2,30734,true,"","",""
"2022-01-06T12:27:14.453644Z","technolution-gouda",867300000,12,-18.5,-119,1.8104319999999998,"QIlPASaA5H0F4KrsjuZaOy4ZxY+Doxp8Gr4rq1c=","UNCONFIRMED_UP","26014F89",5,32228,true,"","",""
"2022-01-06T12:27:27.815189Z","technolution-gouda",868300000,12,-10.5,-117,1.8104319999999998,"QOcHbRSAANgFDZ0Uf90QVrVI1dmyXZ0EeiuQXXk=","UNCONFIRMED_UP","146D07E7",5,55296,true,"","",""
"2022-01-06T12:27:28.616072Z","technolution-gouda",867900000,12,-19.0,-121,2.465792,"QDDaAAGiB0sEAMpjACKRVJL3qb68Zb/ZMsdMzir4eyl5BxZke5858kxFW2waM0zHLzx7Uw==","UNCONFIRMED_UP","0100DA30",202,19207,true,"","",""
"2022-01-06T12:27:33.509882Z","technolution-gouda",867700000,12,-17.8,-120,1.4827519999999998,"QMbWVBWAiBgBrYzhsGAliTl/o9gDJuI=","UNCONFIRMED_UP","1554D6C6",1,6280,true,"","",""
"2022-01-06T12:27:44.844523Z","technolution-gouda",867700000,7,-4.8,-119,0.056575999999999994,"QJopACaAVmQCC6I55vfgVvkY","UNCONFIRMED_UP","2600299A",2,25686,true,"","",""
"2022-01-06T12:27:50.907223Z","technolution-gouda",867300000,12,-2.2,-117,1.318912,"QDKoiRWA4hIB6d2Hcgez","UNCONFIRMED_UP","1589A832",1,4834,true,"","",""
"2022-01-06T12:28:08.355692Z","technolution-gouda",867900000,12,-5.0,-119,1.318912,"QBaZTRSAHgkB1gJ3yWXR","UNCONFIRMED_UP","144D9916",1,2334,true,"","",""
"2022-01-06T12:28:16.786412Z","technolution-gouda",867900000,12,6.0,-108,1.6465919999999998,"QCpRDxUAZRIBtAZW0AMZzduW9atA3pQu4He2","UNCONFIRMED_UP","150F512A",1,4709,false,"","",""
"2022-01-06T12:28:25.085141Z","technolution-gouda",867300000,7,0.5,-115,0.056575999999999994,"QJaaCyYAYssILX98UhJbiKIK6js=","UNCONFIRMED_UP","260B9A96",8,52066,false,"","",""
"2022-01-06T12:28:25.462072Z","technolution-gouda",867900000,7,0.5,-117,0.066816,"QKOJChUBqQQCAcfMLo8tAiFvHQxgr/jB","UNCONFIRMED_UP","150A89A3",1,1193,false,"","",""
"2022-01-06T12:28:26.081994Z","technolution-gouda",868300000,12,4.5,-107,1.6465919999999998,"QMhqihQBmgACAV8o4jWXnmfRJw2LEx38","UNCONFIRMED_UP","148A6AC8",1,154,false,"","",""
"2022-01-06T12:28:38.012563Z","technolution-gouda",868100000,9,-10.2,-120,0.20582399999999998,"AEIA/89d1bNwNxMIwF3Vs3AeKxlQeso=","JOIN_REQUEST","",0,0,false,"70B3D55DCFFF0042","70B3D55DC0081337","2B1E"
"2022-01-06T12:28:40.872708Z","technolution-gouda",867100000,12,-10.0,-121,1.318912,"QEbwixSAxgwBsOZz7OeY","UNCONFIRMED_UP","148BF046",1,3270,true,"","",""
"2022-01-06T12:28:47.569294Z","technolution-gouda",867700000,12,-12.8,-120,1.6465919999999998,"QKXEMhWAfpUFsFzfIK4FG0b/172I9+Y+tWk=","UNCONFIRMED_UP","1532C4A5",5,38270,true,"","",""
"2022-01-06T12:28:53.701623Z","technolution-gouda",867300000,12,-1.8,-118,1.974272,"QKEnASaAlBwBvxcTtw/B2FBm4AtaeW2LIQ3IvPjqVYCvqDu37g==","UNCONFIRMED_UP","260127A1",1,7316,true,"","",""
"2022-01-06T12:29:00.272039Z","technolution-gouda",867900000,12,-13.8,-123,1.4827519999999998,"QAEnASaA2WkCx1yF8Rx3KJsaFg==","UNCONFIRMED_UP","26012701",2,27097,true,"","",""
"2022-01-06T12:29:20.743202Z","technolution-gouda",868500000,12,-10.2,-106,1.8104319999999998,"QPeZmhSAAdgFcC1ggALwu3Cd6IaWp7iXtXOtQDQ=","UNCONFIRMED_UP","149A99F7",5,55297,true,"","",""
"2022-01-06T12:29:21.110215Z","technolution-gouda",867700000,12,-6.8,-120,1.318912,"QJ8pASaALq4Cs7+lv7yq8IDH","UNCONFIRMED_UP","2601299F",2,44590,true,"","",""
"2022-01-06T12:29:47.829285Z","technolution-gouda",867300000,12,-12.2,-120,1.318912,"QCFfABWAsBcB4zLDqyMK","UNCONFIRMED_UP","15005F21",1,6064,true,"","",""
"2022-01-06T12:29:50.887198Z","technolution-gouda",868100000,7,-6.5,-120,0.061696,"QAS9yMSAI9IBLnCKlJjns14vRh5gOWk=","UNCONFIRMED_UP","C4C8BD04",1,53795,true,"","",""
"2022-01-06T12:29:59.391969Z","technolution-gouda",867300000,7,-0.5,-118,0.092416,"QJ8ZASaAjAMBlvmdyRjEV8vim4UcaRem3wocFk1gypwBbSN2MxElATrG644=","UNCONFIRMED_UP","2601199F",1,908,true,"","",""
"2022-01-06T12:30:00.025814Z","technolution-gouda",867900000,12,-12.5,-114,1.6465919999999998,"QLG3eRWANAABeqBT9P1QciV7mvlNTAJK","UNCONFIRMED_UP","1579B7B1",1,52,true,"","",""
"2022-01-06T12:30:08.250543Z","technolution-gouda",868100000,11,-12.2,-117,0.9052159999999999,"QHR9CyaCLgADBwq66Nz7ESw7FWsUOeOoaLXu","UNCONFIRMED_UP","260B7D74",10,46,true,"","",""
"2022-01-06T12:30:20.689065Z","technolution-gouda",868100000,7,0.8,-119,0.056575999999999994,"QMBiASaAxq8C5eIcf5040Bb3","UNCONFIRMED_UP","260162C0",2,44998,true,"","",""
"2022-01-06T12:30:37.547521Z","technolution-gouda",868100000,12,-18.8,-121,2.465792,"QDDaAAEAZ8FBANSgAEjKuQIlV3XOd8ksB4nNWBXaGsrufoHBP+JvdAr5tNFwyooOpeQlnA==","UNCONFIRMED_UP","0100DA30",65,49511,false,"","",""
"2022-01-06T12:31:12.590238Z","technolution-gouda",867300000,12,-10.8,-120,1.318912,"QDYgACaAwOgCSBZGoG0urOxq","UNCONFIRMED_UP","26002036",2,59584,true,"","",""
"2022-01-06T12:31:24.901967Z","technolution-gouda",867900000,9,-12.2,-121,0.369664,"QB7xyMSAAAADeXKSttcHbJ4hXTHh11kLlCGAvBCPy7gz1gPWT7ZSfBT/O9FOmW+LvRseH7/9x5+/","UNCONFIRMED_UP","C4C8F11E",3,0,true,"","",""
"2022-01-06T12:31:31.944692Z","technolution-gouda",867900000,12,-18.2,-120,1.6465919999999998,"QHDvhBWA6QQFhhukN0rAGIC2man/w8WfwSM=","UNCONFIRMED_UP","1584EF70",5,1257,true,"","",""
"2022-01-06T12:31:36.731507Z","technolution-gouda",868100000,7,9.8,-81,0.066816,"gLTsbwaC3UcDBwLflVk62eNYkig8p1qT","CONFIRMED_UP","066FECB4",2,18397,true,"","",""
"2022-01-06T12:31:40.542413Z","technolution-gouda",867100000,12,-15.8,-121,2.465792,"QDDaAAH1oqbaAEyhAPmlvxvxjW94YL/4qHppX4jyJHD7JU9Nph9Ulm/CIdwJG+XHFWIC7A==","UNCONFIRMED_UP","0100DA30",249,42658,true,"","",""
"2022-01-06T12:31:54.941986Z","technolution-gouda",867300000,12,-13.2,-119,1.318912,"QMvKfRSAvQoBegvQcJX8","UNCONFIRMED_UP","147DCACB",1,2749,true,"","",""
"2022-01-06T12:31:56.961907Z","technolution-gouda",867100000,12,-0.2,-117,1.8104319999999998,"QHedmBSAjmIBsaeGLQvaqyuIR1Pd9ZQlFT5u/ivasQ==","UNCONFIRMED_UP","14989D77",1,25230,true,"","",""
"2022-01-06T12:32:17.355243Z","technolution-gouda",868100000,11,7.5,-113,1.314816,"QCL8xhWAdgECGpD4LoPQGungYVb7A5ytY+HzykBfSxHVNzY6DNm8CdQEFKI4q47S","UNCONFIRMED_UP","15C6FC22",2,374,true,"","",""
"2022-01-06T12:32:20.491980Z","technolution-gouda",867100000,12,-11.0,-121,1.318912,"QOVAASaAsbICXv75JBaaPHYn","UNCONFIRMED_UP","260140E5",2,45745,true,"","",""
"2022-01-06T12:32:33.125686Z","technolution-gouda",868100000,9,-8.2,-119,0.20582399999999998,"AEIA/89d1bNwNxMIwF3Vs3CK3qxnOFI=","JOIN_REQUEST","",0,0,false,"70B3D55DCFFF0042","70B3D55DC0081337","DE8A"
"2022-01-06T12:32:39.996274Z","technolution-gouda",867300000,12,-13.8,-119,1.4827519999999998,"QMcuASaAVGACpNcqunDMegfC+Q==","UNCONFIRMED_UP","26012EC7",2,24660,true,"","",""
"2022-01-06T12:32:40.121273Z","technolution-gouda",867900000,8,-7.2,-119,0.123392,"QMYlzcSFAQADBwb+PgKPttNardnLDHiEGzk=","UNCONFIRMED_UP","C4CD25C6",2,1,true,"","",""
"2022-01-06T12:32:43.656192Z","technolution-gouda",867700000,12,-0.5,-113,1.4827519999999998,"QPgq2RSA4QcB0KW5CkHjjp2eKmUlWHg=","UNCONFIRMED_UP","14D92AF8",1,2017,true,"","",""
"2022-01-06T12:33:08.417370Z","technolution-gouda",868500000,7,-5.8,-117,0.056575999999999994,"QEItACaA900CtbjXXmyIB2vy","UNCONFIRMED_UP","26002D42",2,19959,true,"","",""
"2022-01-06T12:33:19.842049Z","technolution-gouda",867100000,12,7.5,-102,1.318912,"QIBdtRWAHRIBJ2zqF/69","UNCONFIRMED_UP","15B55D80",1,4637,true,"","",""
"2022-01-06T12:33:21.979792Z","technolution-gouda",867100000,12,-13.0,-121,1.6465919999999998,"QPJCRRWAAQABZxH/FJ70Y8/fhgDGF6Sw","UNCONFIRMED_UP","154542F2",1,1,true,"","",""
"2022-01-06T12:33:27.375853Z","technolution-gouda",867900000,12,-19.2,-121,2.465792,"QDDaAAFwOOgIAEFeAM0PWAjYKCVY6jMoOcEB7qpfDJ8Bas1Eb+uoCn+DLwHdOihzhBwVEw==","UNCONFIRMED_UP","0100DA30",8,59448,false,"","",""
"2022-01-06T12:33:29.603628Z","technolution-gouda",867900000,12,-14.2,-121,1.4827519999999998,"QJ0kASaAFGEC1HiWuc1OyETFAQ==","UNCONFIRMED_UP","2601249D",2,24852,true,"","",""
"2022-01-06T12:33:33.806934Z","technolution-gouda",867700000,12,-12.8,-119,1.6465919999999998,"QPJCRRWAAQABZxH/FJ703s+dhsB2sUXz","UNCONFIRMED_UP","154542F2",1,1,true,"","",""
"2022-01-06T12:33:39.685258Z","technolution-gouda",867900000,11,-12.2,-119,0.8232959999999999,"QFGCgRQAWUUBgm45jNkR+42r6ZUveLMd","UNCONFIRMED_UP","14818251",1,17753,false,"","",""
"2022-01-06T12:33:42.739169Z","technolution-gouda",867100000,7,-6.2,-121,0.056575999999999994,"QEpqASaAU2QCg0MwBJPWWdw0","UNCONFIRMED_UP","26016A4A",2,25683,true,"","",""
"2022-01-06T12:33:46.285087Z","technolution-gouda",868100000,11,-12.5,-121,0.659456,"QLy+ihSAmCUBeFj5KU1e","UNCONFIRMED_UP","148ABEBC",1,9624,true,"","",""
"2022-01-06T12:33:46.985968Z","technolution-gouda",868100000,9,-12.2,-120,0.20582399999999998,"AEIA/89d1bNwNxMIwF3Vs3BISrGMOGA=","JOIN_REQUEST","",0,0,false,"70B3D55DCFFF0042","70B3D55DC0081337","4A48"
"2022-01-06T12:33:47.856104Z","technolution-gouda",868100000,12,-7.5,-119,2.465792,"QDDaAAHHFeYdAO9tABhqI2VZgzc8FrHQ9h3zecS8iBlXJeovGgE9bnPSTydSf+7q4fsiNw==","UNCONFIRMED_UP","0100DA30",35,58901,true,"","",""
"2022-01-06T12:33:52.635786Z","technolution-gouda",867100000,9,-13.5,-120,0.369664,"QAd1ycSAAAADYKFnQPC667bz/NXAAHH3WSNR/geHLq+d4Cq3fyIQ507qsFRjh3XtR1dRl4NrBz4Q","UNCONFIRMED_UP","C4C97507",3,0,true,"","",""
"2022-01-06T12:33:55.012596Z","technolution-gouda",867300000,7,-7.5,-120,0.056575999999999994,"QJ1KASaAO64ChrEzPW29eOuA","UNCONFIRMED_UP","26014A9D",2,44603,true,"","",""
"2022-01-06T12:34:01.242313Z","technolution-gouda",868100000,8,10.8,-105,0.11315199999999999,"gKISAQeA8kcCcx2lOeuaQChLyr2Vzw==","CONFIRMED_UP","070112A2",2,18418,true,"","",""
"2022-01-06T12:34:03.641416Z","technolution-gouda",868100000,12,-14.2,-121,1.6465919999999998,"QPJCRRWAAQABZxH/FJ703s+dhiC+7tAG","UNCONFIRMED_UP","154542F2",1,1,true,"","",""
"2022-01-06T12:34:09.553245Z","technolution-gouda",867700000,12,-12.2,-120,1.6465919999999998,"QPJCRRWAAQABZxH/FJ703s+dhgB0+REn","UNCONFIRMED_UP","154542F2",1,1,true,"","",""
"2022-01-06T12:34:15.433937Z","technolution-gouda",867700000,12,-12.2,-120,1.6465919999999998,"QPJCRRWAAQABZxH/FJ703s+dhuByme+e","UNCONFIRMED_UP","154542F2",1,1,true,"","",""
"2022-01-06T12:34:25.205684Z","technolution-gouda",867900000,12,-14.2,-121,1.318912,"QA5beBSApBYBCNH4Tqeu","UNCONFIRMED_UP","14785B0E",1,5796,true,"","",""
"2022-01-06T12:34:27.279586Z","technolution-gouda",867900000,12,-13.2,-121,1.6465919999999998,"QPJCRRWAAQABZxH/FJ703s+dhqA5ojeH","UNCONFIRMED_UP","154542F2",1,1,true,"","",""
"2022-01-06T12:34:33.192932Z","technolution-gouda",867300000,12,-14.2,-118,1.6465919999999998,"QPJCRRWAAQABZxH/FJ703s+dhoBmqbkg","UNCONFIRMED_UP","154542F2",1,1,true,"","",""
"2022-01-06T12:34:39.260106Z","technolution-gouda",868100000,12,-15.2,-120,1.6465919999999998,"QPJCRRWAAQABZxH/BfuWIc+i40YkTavo+sDs","UNCONFIRMED_UP","154542F2",1,1,true,"","",""
"2022-01-06T12:34:41.478133Z","technolution-gouda",867900000,7,5.0,-114,0.066816,"QKUKZxUBjQQCAXQSupEQbTuNbl+Sq80X","UNCONFIRMED_UP","15670AA5",1,1165,false,"","",""
"2022-01-06T12:34:44.390044Z","technolution-gouda",868100000,7,-8.2,-118,0.056575999999999994,"QF4pACaC1LADBwKFbzJQMycpU74=","UNCONFIRMED_UP","2600295E",2,45268,true,"","",""
"2022-01-06T12:34:45.235926Z","technolution-gouda",867900000,12,-12.5,-120,1.6465919999999998,"QPJCRRWAAQABZxH/FJ703s+dhkC9VQ3X","UNCONFIRMED_UP","154542F2",1,1,true,"","",""
"2022-01-06T12:34:47.002302Z","technolution-gouda",868100000,12,1.8,-121,2.465792,"QDDaAAEx722BAEmVADP91a3rvrttHcqYaid9T4Oxiusf/FsD+RYsZmink3fLsEeGbMNjLA==","UNCONFIRMED_UP","0100DA30",0,28143,false,"","",""
"2022-01-06T12:34:49.695858Z","technolution-gouda",867300000,12,-13.0,-119,1.4827519999999998,"QPgpASaA11UC2W/TfGWsBMKDiQ==","UNCONFIRMED_UP","260129F8",2,21975,true,"","",""
"2022-01-06T12:34:51.121749Z","technolution-gouda",868100000,12,-14.0,-120,1.6465919999999998,"QPJCRRWAAQABZxH/FJ703s+dhiC+7tAG","UNCONFIRMED_UP","154542F2",1,1,true,"","",""
"2022-01-06T12:34:53.175655Z","technolution-gouda",867700000,8,6.2,-114,0.11315199999999999,"QMRquhUByQQCAU44OxihnAiulpaPSIf1","UNCONFIRMED_UP","15BA6AC4",1,1225,false,"","",""
"2022-01-06T12:34:57.011580Z","technolution-gouda",867300000,12,-13.8,-120,1.6465919999999998,"QPJCRRWAAQABZxH/FJ703s+dhgB0+REn","UNCONFIRMED_UP","154542F2",1,1,true,"","",""
"2022-01-06T12:35:07.435197Z","technolution-gouda",867100000,12,8.2,-117,2.465792,"QDDaAAGyiQ1gAH9XAAtpcInLGEG35WzGjrpqQi4ZyALaSa1THfRoZukrA3tC0D9DFxWaWg==","UNCONFIRMED_UP","0100DA30",127,3465,true,"","",""
"2022-01-06T12:35:08.471216Z","technolution-gouda",867700000,12,-17.2,-121,1.318912,"QNQ0SBSAZQoBWpYcIyHY","UNCONFIRMED_UP","144834D4",1,2661,true,"","",""
"2022-01-06T12:35:12.216006Z","technolution-gouda",867100000,12,-13.2,-120,1.4827519999999998,"QH0mASaAhGECZK4mN94/vgZGXg==","UNCONFIRMED_UP","2601267D",2,24964,true,"","",""
"2022-01-06T12:35:23.446397Z","technolution-gouda",867700000,7,0.2,-117,0.056575999999999994,"QCInASeABQACsnGDK0WrPj21","UNCONFIRMED_UP","27012722",2,5,true,"","",""
"2022-01-06T12:35:24.245655Z","technolution-gouda",868100000,12,-8.8,-114,1.4827519999999998,"AAEBAAAAAACgsnyDQSFBQKiKL3RfW6A=","JOIN_REQUEST","",0,0,false,"A000000000000101","A840412141837CB2","2F8A"
"2022-01-06T12:35:26.416560Z","technolution-gouda",868500000,12,-15.0,-117,1.318912,"QLorACaAFLECLsasH/jjtdHr","UNCONFIRMED_UP","26002BBA",2,45332,true,"","",""
"2022-01-06T12:35:46.476802Z","technolution-gouda",868500000,7,-7.2,-117,0.077056,"QJ2QCyaAjyIe6mxFDZ8fQF3Ku6cC5kMh01fvJUxGRK5f","UNCONFIRMED_UP","260B909D",30,8847,true,"","",""
"2022-01-06T12:35:47.611917Z","technolution-gouda",868500000,7,-6.0,-119,0.061696,"gAuzmgaAMEgCzxxybhGmWeonfEH9MA==","CONFIRMED_UP","069AB30B",2,18480,true,"","",""
"2022-01-06T12:35:51.401618Z","technolution-gouda",867900000,12,-13.5,-120,1.8104319999999998,"QG3iURWA2AgFHOIJ7eo8Qv1b9DbZmhaptExHiQI=","UNCONFIRMED_UP","1551E26D",5,2264,true,"","",""
"2022-01-06T12:35:53.954893Z","technolution-gouda",867100000,12,-7.0,-119,1.318912,"QNFlASaAhK4Co7M+8wjZqBxR","UNCONFIRMED_UP","260165D1",2,44676,true,"","",""
"2022-01-06T12:36:14.415897Z","technolution-gouda",867700000,7,-2.5,-118,0.092416,"QJ8ZASaAjgMBQUUc+KPmansWC+7j5kPwnmFaRYQw7Qj12xXbi9ikayRLLpg=","UNCONFIRMED_UP","2601199F",1,910,true,"","",""
"2022-01-06T12:36:18.640698Z","technolution-gouda",867900000,12,-4.2,-119,1.4827519999999998,"QNonASaA8ZQCE/wKHNHiVquodA==","UNCONFIRMED_UP","260127DA",2,38129,true,"","",""
"2022-01-06T12:36:27.876436Z","technolution-gouda",868100000,12,-14.8,-121,1.4827519999999998,"QCslASaAGGAC59DOi3QLZRjUwg==","UNCONFIRMED_UP","2601252B",2,24600,true,"","",""
"2022-01-06T12:36:29.879332Z","technolution-gouda",868100000,9,-9.0,-120,0.20582399999999998,"AEIA/89d1bNwNxMIwF3Vs3AqsGy02ac=","JOIN_REQUEST","",0,0,false,"70B3D55DCFFF0042","70B3D55DC0081337","B02A"
"2022-01-06T12:36:36.798049Z","technolution-gouda",868100000,10,-8.0,-119,0.41164799999999996,"AEIA/89d1bNwNxMIwF3Vs3D8zBtJ9SE=","JOIN_REQUEST","",0,0,false,"70B3D55DCFFF0042","70B3D55DC0081337","CCFC"
"2022-01-06T12:36:42.967866Z","technolution-gouda",867700000,10,-9.0,-120,0.657408,"QJbJzcSAAAADzcvHmQmNbnl+r77GwDZS7sbO+g7TrhNEYamxf63Vi4+Dzg3utzUQpbtAEZtCZyWb","UNCONFIRMED_UP","C4CDC996",3,0,true,"","",""
"2022-01-06T12:36:44.536883Z","technolution-gouda",867900000,9,-10.5,-121,0.22630399999999998,"QJbJzcSFAQADBwb+PAI93c04IGaawHQdS7A=","UNCONFIRMED_UP","C4CDC996",2,1,true,"","",""
"2022-01-06T12:36:54.353511Z","technolution-gouda",867900000,7,-4.2,-120,0.087296,"QIP1CyaAugkCyHlOne9EDILSkPnD4Bud0eQBOjK2MR8ZNlRNbOJZ","UNCONFIRMED_UP","260BF583",2,2490,true,"","",""
"2022-01-06T12:37:05.094137Z","technolution-gouda",868100000,12,-12.0,-121,2.465792,"QDDaAAHmYfS5AEGeAHumeGSBlpyMwDUGDS+3zfZThXmKdxSEkQElV0jdcVuVo8hIj78RFA==","UNCONFIRMED_UP","0100DA30",166,62561,true,"","",""
"2022-01-06T12:37:18.812559Z","technolution-gouda",868100000,12,-16.2,-120,2.793472,"QGwzBhSAAAABuclq2NUcn1gu5JMK83+Eab3Gx4aZ03qo5TLJZwGdPrtEWP5A0Z8b7UJvZ4M/Z9uGKf2C","UNCONFIRMED_UP","1406336C",1,0,true,"","",""
"2022-01-06T12:37:27.799292Z","technolution-gouda",868100000,12,-8.2,-120,1.8104319999999998,"QOcHbRSAAtgF/S+x8e7Xhg8YS0Il5SUDdo73KOo=","UNCONFIRMED_UP","146D07E7",5,55298,true,"","",""
"2022-01-06T12:37:32.441223Z","technolution-gouda",868100000,12,-17.2,-119,2.465792,"QDDaAAHcM9v9AK2eAOV/z9pqHswyyIh24/XJCwqGH99oZvXCUXnJJHJ5DZqXw/DFm3YCGw==","UNCONFIRMED_UP","0100DA30",50,56115,true,"","",""
"2022-01-06T12:37:36.211998Z","technolution-gouda",868100000,7,-6.8,-119,0.061696,"QLTqwBWA6SkBBQkfWPlGhDrGt4HS0R4=","UNCONFIRMED_UP","15C0EAB4",1,10729,true,"","",""
"2022-01-06T12:37:41.431995Z","technolution-gouda",867100000,7,6.0,-112,0.066816,"QMRquhUBygQCAYBKCswXpcLbKIoOutdi","UNCONFIRMED_UP","15BA6AC4",1,1226,false,"","",""
"2022-01-06T12:37:46.616644Z","technolution-gouda",868500000,8,8.5,-91,0.11315199999999999,"gN1XwQeA40YCkwo1F32HVAo3n0kiJQ==","CONFIRMED_UP","07C157DD",2,18147,true,"","",""
"2022-01-06T12:38:19.308543Z","technolution-gouda",867100000,12,-15.5,-121,1.318912,"QKViASaAeq4CpF1Gk7iu/MYv","UNCONFIRMED_UP","260162A5",2,44666,true,"","",""
"2022-01-06T12:38:29.491168Z","technolution-gouda",868100000,12,-12.5,-120,2.465792,"QDDaAAE+ABXcAIAQAOPiNrjLeQQL5+9H6jXXCVVCfIeiCZL45OO0iE8sIWi0IvLxDRJnSw==","UNCONFIRMED_UP","0100DA30",239,5376,false,"","",""
"2022-01-06T12:38:53.569340Z","technolution-gouda",867700000,11,0.5,-117,0.659456,"QEX45RSA6yQB3+1ePE8b","UNCONFIRMED_UP","14E5F845",1,9451,true,"","",""
"2022-01-06T12:38:54.067346Z","technolution-gouda",868100000,12,-16.2,-121,1.6465919999999998,"QN6fqBWAVAUFo54rnrICIyAdFiHcDZbCWZY=","UNCONFIRMED_UP","15A89FDE",5,1364,true,"","",""
"2022-01-06T12:39:15.681117Z","technolution-gouda",868100000,12,-17.8,-120,1.318912,"QBBJASaADrICMpukKSC98UNF","UNCONFIRMED_UP","26014910",2,45582,true,"","",""
"2022-01-06T12:39:18.552294Z","technolution-gouda",868500000,9,-7.8,-120,0.22630399999999998,"QAN7yMSDAQAG/j8CdWJp+k59We/+iEqN","UNCONFIRMED_UP","C4C87B03",2,1,true,"","",""
"2022-01-06T12:39:22.909328Z","technolution-gouda",867700000,12,-7.8,-120,2.465792,"QDDaAAHBxNRJAEakANG175D0GiNBnX5YRsLHufFd4nmVUA15Ow5hs9ZjKo+MtrOtrCnYeQ==","UNCONFIRMED_UP","0100DA30",0,54468,true,"","",""
"2022-01-06T12:39:59.291146Z","technolution-gouda",867900000,12,-7.0,-119,1.318912,"QE1TASaAaFMC6ELnFL4+FXLS","UNCONFIRMED_UP","2601534D",2,21352,true,"","",""
"2022-01-06T12:40:08.359762Z","technolution-gouda",868100000,11,-12.8,-118,0.9052159999999999,"QHR9CyaAMAAKR20CoCTm3ZO+IyI7MLQRBw==","UNCONFIRMED_UP","260B7D74",10,48,true,"","",""
"2022-01-06T12:40:14.275578Z","technolution-gouda",867300000,12,-17.2,-120,1.318912,"QOQgASaA4+cC5DupFgJ8HSKH","UNCONFIRMED_UP","260120E4",2,59363,true,"","",""
"2022-01-06T12:40:28.786139Z","technolution-gouda",868500000,7,-3.5,-107,0.061696,"gN2DkQeAS0gC577BWY0xK2+RejeuEA==","CONFIRMED_UP","079183DD",2,18507,true,"","",""
"2022-01-06T12:40:39.319763Z","technolution-gouda",867700000,9,-10.5,-120,0.369664,"QL5DwsSAAAADHmKbbwxU/YMctWF1m8P2e60ouTSjiVhjycsCxFMKxJBvdkxHxCnwyHzUp3W+FYXB","UNCONFIRMED_UP","C4C243BE",3,0,true,"","",""
"2022-01-06T12:40:40.655648Z","technolution-gouda",867900000,8,-9.2,-121,0.123392,"QL5DwsSFAQADBwb+PQLVNqXRUMHNlep98OY=","UNCONFIRMED_UP","C4C243BE",2,1,true,"","",""
"2022-01-06T12:40:56.613095Z","technolution-gouda",868100000,12,-8.2,-121,1.318912,"QP1pASaA1bACxouhG7ruM7VY","UNCONFIRMED_UP","260169FD",2,45269,true,"","",""
"2022-01-06T12:41:18.723369Z","technolution-gouda",867900000,12,-15.5,-119,1.4827519999999998,"QFosASaA8mECuuButbVqiAQKPA==","UNCONFIRMED_UP","26012C5A",2,25074,true,"","",""
"2022-01-06T12:41:22.238160Z","technolution-gouda",868100000,11,-15.8,-119,0.659456,"QMGS1RSAMhoBiymoNAn0","UNCONFIRMED_UP","14D592C1",1,6706,true,"","",""
"2022-01-06T12:41:23.706180Z","technolution-gouda",867900000,11,-17.8,-119,1.069056,"QMBLCyaCwR4DBggulqC5DiaIv4HD94+NbPcMBL2vUG1jAA==","UNCONFIRMED_UP","260B4BC0",8,7873,true,"","",""
"2022-01-06T12:41:23.859560Z","technolution-gouda",867300000,12,-15.5,-119,1.318912,"QMsKihSA6xIBdfd4qFKe","UNCONFIRMED_UP","148A0ACB",1,4843,true,"","",""
"2022-01-06T12:41:40.204889Z","technolution-gouda",867300000,12,-9.0,-120,1.8104319999999998,"QEEVASaAvNQBuhefDUQ4SVQ3RvSacIUe+yFAn9qVtPc=","UNCONFIRMED_UP","26011541",1,54460,true,"","",""
"2022-01-06T12:41:47.548353Z","technolution-gouda",868500000,9,-10.5,-119,0.20582399999999998,"AEIA/89d1bNwNxMIwF3Vs3As/xqt2hs=","JOIN_REQUEST","",0,0,false,"70B3D55DCFFF0042","70B3D55DC0081337","FF2C"
"2022-01-06T12:41:47.672473Z","technolution-gouda",868100000,7,-2.0,-117,0.056575999999999994,"QAEnASeACwACWl+GxQmdltG/","UNCONFIRMED_UP","27012701",2,11,true,"","",""
"2022-01-06T12:42:02.188900Z","technolution-gouda",868100000,12,-14.8,-121,1.4827519999999998,"QDgsASaARGACKFp1r78XU75KSg==","UNCONFIRMED_UP","26012C38",2,24644,true,"","",""
